slot	class	examples values	structured_pattern	unit symbol	abstract	alias	aliases	apply_to	asymmetric	broad mappings	categories	children_are_mutually_disjoint	class_uri	close mappings	comments	conforms_to	contributors	created_by	created_on	defining_slots	definition_uri	deprecated	deprecated element has exact replacement	deprecated element has possible replacement	description	designates_type	disjoint_with	domain	domain_of	equals_expression	equals_number	equals_string	equals_string_in	exact mappings	from_schema	id_prefixes	identifier	ifabsent	implements	implicit_prefix	imported_from	in_language	in_subset	inherited	inlined	inlined_as_list	instantiates	inverse	irreflexive	is_a	is_class_field	is_grouping_slot	is_usage_slot	key	keywords	last_updated_on	list_elements_ordered	list_elements_unique	locally_reflexive	mappings	maximum_cardinality	maximum_value	minimum_cardinality	minimum_value	mixin	mixins	modified_by	multivalued	name	narrow mappings	notes	owner	pattern	range	rank	readonly	recommended	reflexive	reflexive_transitive_form_of	related mappings	relational_role	represents_relationship	required	role	see_also	shared	singular_name	slot_conditions	slot_group	slot_names_unique	slot_uri	source	status	string_serialization	subclass_of	subproperty_of	symmetric	title	todos	transitive	transitive_form_of	tree_root	union_of	usage_slot_name	value_presence	values_from
>slot	class	examples	structured_pattern	unit	abstract	alias	aliases	apply_to	asymmetric	broad_mappings	categories	children_are_mutually_disjoint	class_uri	close_mappings	comments	conforms_to	contributors	created_by	created_on	defining_slots	definition_uri	deprecated	deprecated_element_has_exact_replacement	deprecated_element_has_possible_replacement	description	designates_type	disjoint_with	domain	domain_of	equals_expression	equals_number	equals_string	equals_string_in	exact_mappings	from_schema	id_prefixes	identifier	ifabsent	implements	implicit_prefix	imported_from	in_language	in_subset	inherited	inlined	inlined_as_list	instantiates	inverse	irreflexive	is_a	is_class_field	is_grouping_slot	is_usage_slot	key	keywords	last_updated_on	list_elements_ordered	list_elements_unique	locally_reflexive	mappings	maximum_cardinality	maximum_value	minimum_cardinality	minimum_value	mixin	mixins	modified_by	multivalued	name	narrow_mappings	notes	owner	pattern	range	rank	readonly	recommended	reflexive	reflexive_transitive_form_of	related_mappings	relational_role	represents_relationship	required	role	see_also	shared	singular_name	slot_conditions	slot_group	slot_names_unique	slot_uri	source	status	string_serialization	subclass_of	subproperty_of	symmetric	title	todos	transitive	transitive_form_of	tree_root	union_of	usage_slot_name	value_presence	values_from
>		"inner_key: ""value"""	"inner_key: ""syntax"""	"inner_key: ""symbol"""																																																																																																						
>		"internal_separator: ""|"""	"internal_separator: ""|"""	"internal_separator: ""|"""			"internal_separator: ""|"""	"internal_separator: ""|"""		"internal_separator: ""|"""	"internal_separator: ""|"""			"internal_separator: ""|"""	"internal_separator: ""|"""		"internal_separator: ""|"""			"internal_separator: ""|"""							"internal_separator: ""|"""		"internal_separator: ""|"""				"internal_separator: ""|"""	"internal_separator: ""|"""		"internal_separator: ""|"""			"internal_separator: ""|"""				"internal_separator: ""|"""				"internal_separator: ""|"""								"internal_separator: ""|"""					"internal_separator: ""|"""						"internal_separator: ""|"""				"internal_separator: ""|"""	"internal_separator: ""|"""									"internal_separator: ""|"""					"internal_separator: ""|"""			"internal_separator: ""|"""											"internal_separator: ""|"""				"internal_separator: ""|"""			"internal_separator: ""|"""
donor							hasDonor																		This property references the Donor organism from which the BioSample was acquired.			AnvilBioSample							https://github.com/broadinstitute/anvil_tdr_ingest/tree/main/anvil_schema/schema																																		donor					AnvilDonor																	https://datamodel.terra.bio/TerraCore#hasDonor															
diagnosis							hasDiagnosis																		A property that identifies a Diagnosis including provenance and the disease or condition diagnosed.			AnvilDonor							https://github.com/broadinstitute/anvil_tdr_ingest/tree/main/anvil_schema/schema																																		diagnosis					AnvilDiagnosis																	https://datamodel.terra.bio/TerraCore#hasDiagnosis															
id																																			https://github.com/broadinstitute/anvil_tdr_ingest/tree/main/anvil_schema/schema		true																																id					uriorcurie																																
xref_id																									other identifiers for the person, e.g. ORCID, etc										https://github.com/broadinstitute/anvil_tdr_ingest/tree/main/anvil_schema/schema																																	true	xref_id								true																													
activity_id																																			https://github.com/broadinstitute/anvil_tdr_ingest/tree/main/anvil_schema/schema															id																			activity_id																																					
used_file_id																																			https://github.com/broadinstitute/anvil_tdr_ingest/tree/main/anvil_schema/schema																																		used_file_id					AnvilFile																																
generated_file_id																																			https://github.com/broadinstitute/anvil_tdr_ingest/tree/main/anvil_schema/schema																																		generated_file_id					AnvilFile																																
used_biosample_id																																			https://github.com/broadinstitute/anvil_tdr_ingest/tree/main/anvil_schema/schema																																		used_biosample_id					AnvilBioSample																																
source_datarepo_row_ids																																			https://github.com/broadinstitute/anvil_tdr_ingest/tree/main/anvil_schema/schema																																	true	source_datarepo_row_ids																																					
alignmentactivity_id																																			https://github.com/broadinstitute/anvil_tdr_ingest/tree/main/anvil_schema/schema															id																			alignmentactivity_id																																					
antibody_id																																			https://github.com/broadinstitute/anvil_tdr_ingest/tree/main/anvil_schema/schema															id																			antibody_id																																					
assayactivity_id																																			https://github.com/broadinstitute/anvil_tdr_ingest/tree/main/anvil_schema/schema															id																			assayactivity_id																																					
biosample_id																																			https://github.com/broadinstitute/anvil_tdr_ingest/tree/main/anvil_schema/schema															id																			biosample_id																																					
donor_age_at_collection_unit																																			https://github.com/broadinstitute/anvil_tdr_ingest/tree/main/anvil_schema/schema																																		donor_age_at_collection_unit																																					
donor_age_at_collection_lower_bound																																			https://github.com/broadinstitute/anvil_tdr_ingest/tree/main/anvil_schema/schema																																		donor_age_at_collection_lower_bound					float																																
donor_age_at_collection_upper_bound																																			https://github.com/broadinstitute/anvil_tdr_ingest/tree/main/anvil_schema/schema																																		donor_age_at_collection_upper_bound					float																																
donor_id																																			https://github.com/broadinstitute/anvil_tdr_ingest/tree/main/anvil_schema/schema															id																			donor_id																																					
part_of_dataset_id																																			https://github.com/broadinstitute/anvil_tdr_ingest/tree/main/anvil_schema/schema																																	true	part_of_dataset_id																																					
dataset_id																																			https://github.com/broadinstitute/anvil_tdr_ingest/tree/main/anvil_schema/schema															id																			dataset_id																																					
consent_group																																			https://github.com/broadinstitute/anvil_tdr_ingest/tree/main/anvil_schema/schema																																	true	consent_group																																					
data_use_permission																																			https://github.com/broadinstitute/anvil_tdr_ingest/tree/main/anvil_schema/schema																																	true	data_use_permission																																					
owner																																			https://github.com/broadinstitute/anvil_tdr_ingest/tree/main/anvil_schema/schema																																	true	owner																																					
principal_investigator																																			https://github.com/broadinstitute/anvil_tdr_ingest/tree/main/anvil_schema/schema																																	true	principal_investigator																																					
registered_identifier																																			https://github.com/broadinstitute/anvil_tdr_ingest/tree/main/anvil_schema/schema																																	true	registered_identifier																																					
title																																			https://github.com/broadinstitute/anvil_tdr_ingest/tree/main/anvil_schema/schema																																		title																																					
diagnosis_id																																			https://github.com/broadinstitute/anvil_tdr_ingest/tree/main/anvil_schema/schema															id																			diagnosis_id																																					
diagnosis_age_unit																																			https://github.com/broadinstitute/anvil_tdr_ingest/tree/main/anvil_schema/schema																																		diagnosis_age_unit																																					
diagnosis_age_lower_bound																																			https://github.com/broadinstitute/anvil_tdr_ingest/tree/main/anvil_schema/schema																																		diagnosis_age_lower_bound					float																																
diagnosis_age_upper_bound																																			https://github.com/broadinstitute/anvil_tdr_ingest/tree/main/anvil_schema/schema																																		diagnosis_age_upper_bound					float																																
onset_age_unit																																			https://github.com/broadinstitute/anvil_tdr_ingest/tree/main/anvil_schema/schema																																		onset_age_unit																																					
onset_age_lower_bound																																			https://github.com/broadinstitute/anvil_tdr_ingest/tree/main/anvil_schema/schema																																		onset_age_lower_bound					float																																
onset_age_upper_bound																																			https://github.com/broadinstitute/anvil_tdr_ingest/tree/main/anvil_schema/schema																																		onset_age_upper_bound					float																																
file_id																																			https://github.com/broadinstitute/anvil_tdr_ingest/tree/main/anvil_schema/schema															id																			file_id																																					
file_md5sum																																			https://github.com/broadinstitute/anvil_tdr_ingest/tree/main/anvil_schema/schema															checksum																			file_md5sum																																					
file_name																																			https://github.com/broadinstitute/anvil_tdr_ingest/tree/main/anvil_schema/schema																																		file_name																																					
file_ref																																			https://github.com/broadinstitute/anvil_tdr_ingest/tree/main/anvil_schema/schema																																		file_ref																																					
is_supplementary																																			https://github.com/broadinstitute/anvil_tdr_ingest/tree/main/anvil_schema/schema																																		is_supplementary					boolean																																
project_id																																			https://github.com/broadinstitute/anvil_tdr_ingest/tree/main/anvil_schema/schema															id																			project_id																																					
generated_dataset_id																																			https://github.com/broadinstitute/anvil_tdr_ingest/tree/main/anvil_schema/schema																																	true	generated_dataset_id																																					
sequencingactivity_id																																			https://github.com/broadinstitute/anvil_tdr_ingest/tree/main/anvil_schema/schema															id																			sequencingactivity_id																																					
variantcallingactivity_id																																			https://github.com/broadinstitute/anvil_tdr_ingest/tree/main/anvil_schema/schema															id																			variantcallingactivity_id																																					
member																																			https://github.com/broadinstitute/anvil_tdr_ingest/tree/main/anvil_schema/schema																																	true	member																						https://www.w3.org/TR/rdf12-schema/#ch_member															
wasUsedBy																																			https://github.com/broadinstitute/anvil_tdr_ingest/tree/main/anvil_schema/schema																																	true	wasUsedBy																						http://www.w3.org/ns/prov#wasUsedBy															
confirms_diease							confirmsDisease																		A property that identifies a disease or condition has been confirmed through diagnosis.  Contrast with has_disease.										https://github.com/broadinstitute/anvil_tdr_ingest/tree/main/anvil_schema/schema																																	true	confirms_diease																						https://datamodel.terra.bio/TerraCore#confirmsDisease															
donated																																			https://github.com/broadinstitute/anvil_tdr_ingest/tree/main/anvil_schema/schema																																	true	donated																						https://datamodel.terra.bio/TerraCore#donated															
age							hasAge																		A reference to the Age of the Donor at the point in time that data was collected or that the BioSample was obtained.										https://github.com/broadinstitute/anvil_tdr_ingest/tree/main/anvil_schema/schema																																	true	age																						https://datamodel.terra.bio/TerraCore#hasAge															
age_at_death							hasAgeAtDeath																		A reference to the Age of the Donor at time of death.										https://github.com/broadinstitute/anvil_tdr_ingest/tree/main/anvil_schema/schema																																	false	age_at_death																						https://datamodel.terra.bio/TerraCore#hasAgeAtDeath															
age_at_diagnosis							hasAgeAtDiagnosis																		A reference to the Age of the Donor at the point in time that diagnosis was made.										https://github.com/broadinstitute/anvil_tdr_ingest/tree/main/anvil_schema/schema																																	false	age_at_diagnosis																						https://datamodel.terra.bio/TerraCore#hasAgeAtDiagnosis															
age_at_onset							hasAgeAtOnset																		A reference to the Age of the Donor at the onset of the disease associated with the diagnosis.										https://github.com/broadinstitute/anvil_tdr_ingest/tree/main/anvil_schema/schema																																	false	age_at_onset																						https://datamodel.terra.bio/TerraCore#hasAgeAtOnset															
apriori_cell_type							hasAprioriCellType																		A priori cell type(s) for the sample, which may be assigned independently of experience										https://github.com/broadinstitute/anvil_tdr_ingest/tree/main/anvil_schema/schema																																	true	apriori_cell_type																						https://datamodel.terra.bio/TerraCore#hasAprioriCellType															
aposteriori_cell_type															Could argue for multivalued a posteriori cell type, but this just means that the cell type is uncertain (such as clustering a t-SNE plot) and so better to call it a priori										A posteriori cell type for the sample, which require certain assignment based on experimental data										https://github.com/broadinstitute/anvil_tdr_ingest/tree/main/anvil_schema/schema																																	false	aposteriori_cell_type																																					
assay							hasAssayActivity, hasAssay																		A subproperty of usedBy which indicates that an AssayActivity was performed using this entity.										https://github.com/broadinstitute/anvil_tdr_ingest/tree/main/anvil_schema/schema															wasUsedBy																		true	assay																						https://datamodel.terra.bio/TerraCore#hasAssayActivity															
assay_type							hasAssayType																		A reference to the type of assay, preferably using an identifier in the Ontology for Biomedical Investigations assay entity (http://purl.obolibrary.org/obo/OBI_0000070).										https://github.com/broadinstitute/anvil_tdr_ingest/tree/main/anvil_schema/schema																																	true	assay_type																						https://datamodel.terra.bio/TerraCore#hasAssayType															
biosample							hasBioSample																		This property references the BioSample donated by the Donor.										https://github.com/broadinstitute/anvil_tdr_ingest/tree/main/anvil_schema/schema																																	true	biosample																						https://datamodel.terra.bio/TerraCore#hasBioSample															
biosample_type							hasBioSampleType								Need definition																				https://github.com/broadinstitute/anvil_tdr_ingest/tree/main/anvil_schema/schema															sample_type																		true	biosample_type																						https://datamodel.terra.bio/TerraCore#hasBioSampleType															
child							hasChild																		A property that identifies genetic children.										https://github.com/broadinstitute/anvil_tdr_ingest/tree/main/anvil_schema/schema																																	true	child																						https://datamodel.terra.bio/TerraCore#hasChild															
country							hasCountry								Need definition																				https://github.com/broadinstitute/anvil_tdr_ingest/tree/main/anvil_schema/schema																																	true	country																						https://datamodel.terra.bio/TerraCore#hasCountry															
xref							hasCrossReference																												https://github.com/broadinstitute/anvil_tdr_ingest/tree/main/anvil_schema/schema																																	true	xref																						https://datamodel.terra.bio/TerraCore#hasCrossReference															
current_address							hasCurrentAddress								Need definition																				https://github.com/broadinstitute/anvil_tdr_ingest/tree/main/anvil_schema/schema																																	true	current_address																						https://datamodel.terra.bio/TerraCore#hasCurrentAddress															
data_modality							hasDataModality																		Data modality describes the biological nature of the information gathered as the result of an Activity, independent of the technology or methods used to produce the information.										https://github.com/broadinstitute/anvil_tdr_ingest/tree/main/anvil_schema/schema																																	true	data_modality																						https://datamodel.terra.bio/TerraCore#hasDataModality															
donor_age_at_collection							hasDonorAgeAtCollection																		A reference to the Age of the Donor at the point in time that the BioSample was obtained or other representative entity (test, diagnosis, treatment...) was created.										https://github.com/broadinstitute/anvil_tdr_ingest/tree/main/anvil_schema/schema																																	false	donor_age_at_collection																						https://datamodel.terra.bio/TerraCore#hasDonorAgeAtCollection															
donor_age_at_event							hasDonorAgeAtEvent																		A reference to the Age of the Donor at the point in time that the event or administration occured.										https://github.com/broadinstitute/anvil_tdr_ingest/tree/main/anvil_schema/schema															age																		false	donor_age_at_event																						https://datamodel.terra.bio/TerraCore#hasDonorAgeAtEvent															
file_size							hasFileSize																		Property that describes the approximate size of a file in megabytes.										https://github.com/broadinstitute/anvil_tdr_ingest/tree/main/anvil_schema/schema																																	false	file_size					integer																	https://datamodel.terra.bio/TerraCore#hasFileSize															
half_sibling							hasHalfSibling																		A property that identifies genetic half siblings.										https://github.com/broadinstitute/anvil_tdr_ingest/tree/main/anvil_schema/schema																																	true	half_sibling																						https://datamodel.terra.bio/TerraCore#hasHalfSibling															
library_prep							hasLibraryPrepActivity, hasLibraryPrep																		A subproperty of usedBy which indicates that LibraryPreparation was performed using this entity.										https://github.com/broadinstitute/anvil_tdr_ingest/tree/main/anvil_schema/schema															wasUsedBy																		true	library_prep																						https://datamodel.terra.bio/TerraCore#hasLibraryPrepActivity															
library_prep_type							hasLibraryPreparationType								Need definition																				https://github.com/broadinstitute/anvil_tdr_ingest/tree/main/anvil_schema/schema																																	true	library_prep_type																						https://datamodel.terra.bio/TerraCore#hasLibraryPreparationType															
measurement							hasMeasurement																		A reference to a Measurement related to this Donor.										https://github.com/broadinstitute/anvil_tdr_ingest/tree/main/anvil_schema/schema																																	true	measurement																						https://datamodel.terra.bio/TerraCore#hasMeasurement															
mol_sample_type							hasMolecularSampleType								Need definition																				https://github.com/broadinstitute/anvil_tdr_ingest/tree/main/anvil_schema/schema															sample_type																		true	mol_sample_type																						https://datamodel.terra.bio/TerraCore#hasMolecularSampleType															
parent							hasParent																		A property that identifies genetic parents.										https://github.com/broadinstitute/anvil_tdr_ingest/tree/main/anvil_schema/schema																																	true	parent																						https://datamodel.terra.bio/TerraCore#hasParent															
phenopacket							hasPhenopacket																		A reference to the phenopacket file.										https://github.com/broadinstitute/anvil_tdr_ingest/tree/main/anvil_schema/schema																																	true	phenopacket																						https://datamodel.terra.bio/TerraCore#hasPhenopacket															
phenotypic_sex							hasPhenotypicSex																		"A reference to the BiologicalSex of the Donor organism. \""An organismal quality inhering in a bearer by virtue of the bearer's physical expression of sexual characteristics. [PATO]\"										https://github.com/broadinstitute/anvil_tdr_ingest/tree/main/anvil_schema/schema																																	true	phenotypic_sex																						https://datamodel.terra.bio/TerraCore#hasPhenotypicSex															
sample_treatment							hasSampleTreatment																		A sample treatment of a BioSample. A subproperty of prov:usedBy which indicates that a SampleTreatmentActivity was performed using this entity.										https://github.com/broadinstitute/anvil_tdr_ingest/tree/main/anvil_schema/schema															wasUsedBy																		true	sample_treatment																						https://datamodel.terra.bio/TerraCore#hasSampleTreatment															
seq_location							hasSequenceLocation, hasLocation																		Location of variation on a sequence. For example, for human genome: chr7:140753336-140753337										https://github.com/broadinstitute/anvil_tdr_ingest/tree/main/anvil_schema/schema																																	true	seq_location																						https://datamodel.terra.bio/TerraCore#hasSequenceLocation															
sequencing							hasSequencingActivity, hasSequencing																		A subproperty of usedBy which indicates that a SequencingActivity was performed using this entity.										https://github.com/broadinstitute/anvil_tdr_ingest/tree/main/anvil_schema/schema															wasUsedBy																		true	sequencing																						https://datamodel.terra.bio/TerraCore#hasSequencingActivity															
service_provider							hasServiceProvider																		A reference to the organization performing this activity.										https://github.com/broadinstitute/anvil_tdr_ingest/tree/main/anvil_schema/schema																																	true	service_provider																						https://datamodel.terra.bio/TerraCore#hasServiceProvider															
sex_assigned_at_birth							hasSexAssignedAtBirth																		A reference to the BiologicalSex assigned to the donor organism at birth by a medical professional.										https://github.com/broadinstitute/anvil_tdr_ingest/tree/main/anvil_schema/schema																																	true	sex_assigned_at_birth																						https://datamodel.terra.bio/TerraCore#hasSexAssignedAtBirth															
sibling							hasSibling																		A property that identifies full genetic siblings.										https://github.com/broadinstitute/anvil_tdr_ingest/tree/main/anvil_schema/schema																																	true	sibling																						https://datamodel.terra.bio/TerraCore#hasSibling															
treatment							hasTreatment																		A reference to the therapeutic treatment undertaken for this Donor.										https://github.com/broadinstitute/anvil_tdr_ingest/tree/main/anvil_schema/schema																																	true	treatment																						https://datamodel.terra.bio/TerraCore#hasTreatment															
variant_call							hasVariantCall								Need definition																				https://github.com/broadinstitute/anvil_tdr_ingest/tree/main/anvil_schema/schema																																	true	variant_call																						https://datamodel.terra.bio/TerraCore#hasVariantCall															
weight							hasWeight																		A property that provides a measurement of the mass of a material entity.										https://github.com/broadinstitute/anvil_tdr_ingest/tree/main/anvil_schema/schema																																	true	weight																						https://datamodel.terra.bio/TerraCore#hasWeight															
funded_by							isFundedBy																		A relationship defining the funding source.  The range is expected to include grants, organizations, or a string indicating the funding source.										https://github.com/broadinstitute/anvil_tdr_ingest/tree/main/anvil_schema/schema																																	true	funded_by																						https://datamodel.terra.bio/TerraCore#isFundedBy															
generated_by_pipeline							isGeneratedByPipeline								Need definition																				https://github.com/broadinstitute/anvil_tdr_ingest/tree/main/anvil_schema/schema																																	true	generated_by_pipeline																						https://datamodel.terra.bio/TerraCore#isGeneratedByPipeline															
paired_with							isPairedWith								Need definition																				https://github.com/broadinstitute/anvil_tdr_ingest/tree/main/anvil_schema/schema																																	true	paired_with																						https://datamodel.terra.bio/TerraCore#isPairedWith															
antibody							usesAntibody								Can be used as an ObjectProperty with the Antibody class or as a DataType property, depending on need. Antibody should be linked to OBI in future. Note this could link to nonassay activities like CHiP										May be a reference to an antibody used for a SampleTreatmentActivity or another Activity.										https://github.com/broadinstitute/anvil_tdr_ingest/tree/main/anvil_schema/schema																																	true	antibody																						https://datamodel.terra.bio/TerraCore#usesAntibody															
library							usesLibrary																		A reference to a Sequencing Library used in this activity.										https://github.com/broadinstitute/anvil_tdr_ingest/tree/main/anvil_schema/schema																																	true	library																						https://datamodel.terra.bio/TerraCore#usesLibrary															
reference_assembly							usesReferenceAssembly																		A reference to the collection of sequences taken as the standard for a given organism. May be defined by https://www.ncbi.nlm.nih.gov/grc.										https://github.com/broadinstitute/anvil_tdr_ingest/tree/main/anvil_schema/schema																																	true	reference_assembly																						https://datamodel.terra.bio/TerraCore#usesReferenceAssembly															
sample							usesSample								BioSample and MolecularSample both inherit range from Sample										A reference to the sample used by this activity.										https://github.com/broadinstitute/anvil_tdr_ingest/tree/main/anvil_schema/schema																																	true	sample																						https://datamodel.terra.bio/TerraCore#usesSample															
activity_type							hasActivityType																		A reference to the type of activity, preferably using an identifier in a recommended standard ontology.										https://github.com/broadinstitute/anvil_tdr_ingest/tree/main/anvil_schema/schema																																	true	activity_type					ActivityTypes																	https://datamodel.terra.bio/TerraCore#hasActivityType															
age_category							hasAgeCategory																		A category of age e.g. Embryonic or Postnatal.										https://github.com/broadinstitute/anvil_tdr_ingest/tree/main/anvil_schema/schema																																	true	age_category																						https://datamodel.terra.bio/TerraCore#hasAgeCategory															
age_unit							hasAgeUnit																		A reference to the unit of time during which an entity has existed e.g. years or days.										https://github.com/broadinstitute/anvil_tdr_ingest/tree/main/anvil_schema/schema															unit																		true	age_unit																						https://datamodel.terra.bio/TerraCore#hasAgeUnit															
aligned_fragments							hasAlignedFragments								For alignment file types.										Need definition.										https://github.com/broadinstitute/anvil_tdr_ingest/tree/main/anvil_schema/schema																																	true	aligned_fragments																						https://datamodel.terra.bio/TerraCore#hasAlignedFragments															
allele							hasAllele																												https://github.com/broadinstitute/anvil_tdr_ingest/tree/main/anvil_schema/schema																																	true	allele																						https://datamodel.terra.bio/TerraCore#hasAllele															
amount							hasAmount								Consider replacing with a measurement ontology										A property that identifies the numerical quantity of an entity.										https://github.com/broadinstitute/anvil_tdr_ingest/tree/main/anvil_schema/schema																																	true	amount					decimal																	https://datamodel.terra.bio/TerraCore#hasAmount															
amount_unit							hasAmountUnit																		A property that captures the units of an entity. The units may be an amount such as moles or grams; or a concentration, such as g/mL or molarity. Other units may include enzyme activity, the specific activity of a radionucleotide, or the titer of an antibody.										https://github.com/broadinstitute/anvil_tdr_ingest/tree/main/anvil_schema/schema															unit																		true	amount_unit																						https://datamodel.terra.bio/TerraCore#hasAmountUnit															
anatomical_region							hasAnatomicalRegion								Many groups are convening to define Common Coordinate Frameworks for specific organs/species.  This will be a rapidly evolving area in the near future.  Thus allowing text or URI as we wait for the field to mature allows us to support what we hope will at a minimum be controlled vocabulary under discussion of these groups.										A reference to the physical location within the AnatomicalSite from which the BioSample was taken.										https://github.com/broadinstitute/anvil_tdr_ingest/tree/main/anvil_schema/schema																																	true	anatomical_region																						https://datamodel.terra.bio/TerraCore#hasAnatomicalRegion															
anatomical_site							hasAnatomicalSite								"May want to consider restricting this to UBERON terms but currently any URI is allowed.  This is useful for imaging and other whole body samples as UBERON does not have \""whole body\"".  Use NCIT:C13041 for this."										A reference to the site within the organism from which the BioSample was taken.										https://github.com/broadinstitute/anvil_tdr_ingest/tree/main/anvil_schema/schema																																	true	anatomical_site																						https://datamodel.terra.bio/TerraCore#hasAnatomicalSite															
average_read_length							hasAverageReadLength								Need definition																				https://github.com/broadinstitute/anvil_tdr_ingest/tree/main/anvil_schema/schema																																	true	average_read_length					decimal																	https://datamodel.terra.bio/TerraCore#hasAverageReadLength															
birth_year							hasBirthYear								Need definition																				https://github.com/broadinstitute/anvil_tdr_ingest/tree/main/anvil_schema/schema																																	true	birth_year					integer																	https://datamodel.terra.bio/TerraCore#hasBirthYear															
cell_cycle							hasCellCycle																		A property that describes the stage of the cell cycle at the time the sample was obtained.										https://github.com/broadinstitute/anvil_tdr_ingest/tree/main/anvil_schema/schema																																	true	cell_cycle																						https://datamodel.terra.bio/TerraCore#hasCellCycle															
cell_state							hasCellState																		A property that describes the cellâ€™s metabolic or electrophysiological state.										https://github.com/broadinstitute/anvil_tdr_ingest/tree/main/anvil_schema/schema																																	true	cell_state																						https://datamodel.terra.bio/TerraCore#hasCellState															
checksum							hasChecksum								Need definition																				https://github.com/broadinstitute/anvil_tdr_ingest/tree/main/anvil_schema/schema																																	true	checksum																						https://datamodel.terra.bio/TerraCore#hasChecksum															
chromosome							hasChromosome								Need definition																				https://github.com/broadinstitute/anvil_tdr_ingest/tree/main/anvil_schema/schema																																	true	chromosome																						https://datamodel.terra.bio/TerraCore#hasChromosome															
clonality							hasClonality								Need definition										e.g. monoclonal or polyclonal										https://github.com/broadinstitute/anvil_tdr_ingest/tree/main/anvil_schema/schema																																	true	clonality																						https://datamodel.terra.bio/TerraCore#hasClonality															
date_collected							hasDateCollected																		Date the BioSample was originally collected from its Donor.										https://github.com/broadinstitute/anvil_tdr_ingest/tree/main/anvil_schema/schema																																	false	date_collected					datetime																	https://datamodel.terra.bio/TerraCore#hasDateCollected															
date_of_birth							hasDateOfBirth																		A reference to the date of birth of the Donor or Family Member.										https://github.com/broadinstitute/anvil_tdr_ingest/tree/main/anvil_schema/schema																																	false	date_of_birth					datetime																	https://datamodel.terra.bio/TerraCore#hasDateOfBirth															
date_of_death							hasDateOfDeath																		A reference to the date of death of the Donor or Family Member.										https://github.com/broadinstitute/anvil_tdr_ingest/tree/main/anvil_schema/schema																																	false	date_of_death					datetime																	https://datamodel.terra.bio/TerraCore#hasDateOfDeath															
developmental_stage							hasDevelopmentalStage								Need definition																				https://github.com/broadinstitute/anvil_tdr_ingest/tree/main/anvil_schema/schema																																	true	developmental_stage																						https://datamodel.terra.bio/TerraCore#hasDevelopmentalStage															
disease							hasDisease																		A property that identifies a disease or condition has been reported in this entity.										https://github.com/broadinstitute/anvil_tdr_ingest/tree/main/anvil_schema/schema																																	true	disease																						https://datamodel.terra.bio/TerraCore#hasDisease															
disease_stage_type							hasDiseaseStageType								Need definition																				https://github.com/broadinstitute/anvil_tdr_ingest/tree/main/anvil_schema/schema																																	true	disease_stage_type																						https://datamodel.terra.bio/TerraCore#hasDiseaseStageType															
disease_stage_value							hasDiseaseStageValue								Need definition																				https://github.com/broadinstitute/anvil_tdr_ingest/tree/main/anvil_schema/schema																																	true	disease_stage_value																						https://datamodel.terra.bio/TerraCore#hasDiseaseStageValue															
donor_treatment_type							hasDonorTreatmentType								Need definition|Need to add recommended vocabulary.																				https://github.com/broadinstitute/anvil_tdr_ingest/tree/main/anvil_schema/schema																																	true	donor_treatment_type																						https://datamodel.terra.bio/TerraCore#hasDonorTreatmentType															
dose							hasDose																		A reference to the dosage information relevant to this Donor Treatment or Medication.										https://github.com/broadinstitute/anvil_tdr_ingest/tree/main/anvil_schema/schema																																	true	dose																						https://datamodel.terra.bio/TerraCore#hasDose															
duplicate_fragments							hasDuplicateFragments								For alignment data types.|Need definition																				https://github.com/broadinstitute/anvil_tdr_ingest/tree/main/anvil_schema/schema																																	true	duplicate_fragments					integer																	https://datamodel.terra.bio/TerraCore#hasDuplicateFragments															
duration							hasDuration								Need definition																				https://github.com/broadinstitute/anvil_tdr_ingest/tree/main/anvil_schema/schema																																	true	duration					decimal																	https://datamodel.terra.bio/TerraCore#hasDuration															
duration_unit							hasDurationUnit								Need definition										e.g. min seconds hours days										https://github.com/broadinstitute/anvil_tdr_ingest/tree/main/anvil_schema/schema															unit																		true	duration_unit																						https://datamodel.terra.bio/TerraCore#hasDurationUnit															
estimated_library_size							hasEstimatedLibrarySize								For alignment file types.|Need definition																				https://github.com/broadinstitute/anvil_tdr_ingest/tree/main/anvil_schema/schema																																	true	estimated_library_size					integer																	https://datamodel.terra.bio/TerraCore#hasEstimatedLibrarySize															
family_identifier							hasFamilyIdentifier																		A property identifies the family with whom this Donor is affiliated.										https://github.com/broadinstitute/anvil_tdr_ingest/tree/main/anvil_schema/schema																																	true	family_identifier																						https://datamodel.terra.bio/TerraCore#hasFamilyIdentifier															
file_format							hasFileFormat								The definition of this field follows the convention used by the Human Cell Atlas.										An indication of the format of an electronic file; include the full file extension including compression extensions.										https://github.com/broadinstitute/anvil_tdr_ingest/tree/main/anvil_schema/schema																																	true	file_format																						https://datamodel.terra.bio/TerraCore#hasFileFormat															
fragments							hasFragments								For alignment file types.|Need definition																				https://github.com/broadinstitute/anvil_tdr_ingest/tree/main/anvil_schema/schema																																	true	fragments					integer																	https://datamodel.terra.bio/TerraCore#hasFragments															
grc_name							hasGRCName								Name of the Reference Assembly in Genome Reference Consortium format (ncbi.nlm.nih.gov/grc.  Still draft.|Need definition																				https://github.com/broadinstitute/anvil_tdr_ingest/tree/main/anvil_schema/schema																																	true	grc_name																						https://datamodel.terra.bio/TerraCore#hasGRCName															
gene_context							hasGeneContext																		A specific gene identified that applies to this variant.										https://github.com/broadinstitute/anvil_tdr_ingest/tree/main/anvil_schema/schema																																	true	gene_context																						https://datamodel.terra.bio/TerraCore#hasGeneContext															
gene_expression_program							hasGeneExpressionProgram																		A property that characterizes the gene expression patterns at work in the cell.										https://github.com/broadinstitute/anvil_tdr_ingest/tree/main/anvil_schema/schema																																	true	gene_expression_program																						https://datamodel.terra.bio/TerraCore#hasGeneExpressionProgram															
genetic_ancestry							hasGeneticAncestry								Recommend using HANCESTRO ancestry categories.  http://purl.obolibrary.org/obo/HANCESTRO_0004										A property that relects a HumanDonor's reported major contributing ancestral origins  based on genetic/genomic data.										https://github.com/broadinstitute/anvil_tdr_ingest/tree/main/anvil_schema/schema																																	true	genetic_ancestry																						https://datamodel.terra.bio/TerraCore#hasGeneticAncestry															
genetic_mod							hasGeneticModification																		A reference to a genetic modification of a BioSample.										https://github.com/broadinstitute/anvil_tdr_ingest/tree/main/anvil_schema/schema																																	true	genetic_mod																						https://datamodel.terra.bio/TerraCore#hasGeneticModification															
genetic_mod_method							hasGeneticModificationMethod																		The method of a GeneticModification.										https://github.com/broadinstitute/anvil_tdr_ingest/tree/main/anvil_schema/schema																																	true	genetic_mod_method																						https://datamodel.terra.bio/TerraCore#hasGeneticModificationMethod															
genetic_mod_ref							hasGeneticModificationReference																		An external reference to a genetic modification method.										https://github.com/broadinstitute/anvil_tdr_ingest/tree/main/anvil_schema/schema																																	true	genetic_mod_ref																						https://datamodel.terra.bio/TerraCore#hasGeneticModificationReference															
genetic_mod_type							hasGeneticModificationType								Need definition																				https://github.com/broadinstitute/anvil_tdr_ingest/tree/main/anvil_schema/schema																																	true	genetic_mod_type																						https://datamodel.terra.bio/TerraCore#hasGeneticModificationType															
genotypic_sex							hasGenotypicSex								Add equivalence to http://purl.obolibrary.org/obo/PATO_0020000										A biological sex quality inhering in an individual based upon genotypic composition of sex chromosomes. [PATO]										https://github.com/broadinstitute/anvil_tdr_ingest/tree/main/anvil_schema/schema																																	true	genotypic_sex																						https://datamodel.terra.bio/TerraCore#hasGenotypicSex															
grade							hasGrade																												https://github.com/broadinstitute/anvil_tdr_ingest/tree/main/anvil_schema/schema																																	true	grade																						https://datamodel.terra.bio/TerraCore#hasGrade															
host_organism							hasHostOrganism								Need definition																				https://github.com/broadinstitute/anvil_tdr_ingest/tree/main/anvil_schema/schema																																	true	host_organism																						https://datamodel.terra.bio/TerraCore#hasHostOrganism															
immunogen							hasImmunogen								Need definition|Target is a string for now but will ultimately be a class. CHEBI term CHEBI:60816																				https://github.com/broadinstitute/anvil_tdr_ingest/tree/main/anvil_schema/schema																																	true	immunogen																						https://datamodel.terra.bio/TerraCore#hasImmunogen															
library_layout							hasLibraryLayout																		An indicator of whether the referenced library was prepared for paired or single end sequencing.										https://github.com/broadinstitute/anvil_tdr_ingest/tree/main/anvil_schema/schema																																	true	library_layout																						https://datamodel.terra.bio/TerraCore#hasLibraryLayout															
lot							hasLot								A serial or lot number that was manufactured together. Added for Antibodies but domain can expand.										The lot unit of an entity.										https://github.com/broadinstitute/anvil_tdr_ingest/tree/main/anvil_schema/schema																																	true	lot																						https://datamodel.terra.bio/TerraCore#hasLot															
lower_bound							hasLowerBound								Need definition																				https://github.com/broadinstitute/anvil_tdr_ingest/tree/main/anvil_schema/schema																																	true	lower_bound																						https://datamodel.terra.bio/TerraCore#hasLowerBound															
manner_of_death							hasMannerOfDeath								Need definition																				https://github.com/broadinstitute/anvil_tdr_ingest/tree/main/anvil_schema/schema																																	true	manner_of_death																						https://datamodel.terra.bio/TerraCore#hasMannerOfDeath															
measurement_type							hasMeasurementType								Recommend LOINC or SNOMED vocabularies.																				https://github.com/broadinstitute/anvil_tdr_ingest/tree/main/anvil_schema/schema																																	true	measurement_type																						https://datamodel.terra.bio/TerraCore#hasMeasurementType															
medication							hasMedication								Recommend term or URL from MEDDRA or RxNORM. Note that this model of a medication is subject to change.										A reference to the medication information relevant to this entity.										https://github.com/broadinstitute/anvil_tdr_ingest/tree/main/anvil_schema/schema																																	true	medication																						https://datamodel.terra.bio/TerraCore#hasMedication															
morphology							hasMorphology																												https://github.com/broadinstitute/anvil_tdr_ingest/tree/main/anvil_schema/schema																																	true	morphology																						https://datamodel.terra.bio/TerraCore#hasMorphology															
non_dup_frag							hasNonDuplicatedFragments								For alignment file types.																				https://github.com/broadinstitute/anvil_tdr_ingest/tree/main/anvil_schema/schema																																	true	non_dup_frag																						https://datamodel.terra.bio/TerraCore#hasNonDuplicatedFragments															
organism_type							hasOrganismType								For example: Homo sapiens from NCBITaxon or http://purl.obolibrary.org/obo/NCBITaxon_9606 										A reference to the organism type.										https://github.com/broadinstitute/anvil_tdr_ingest/tree/main/anvil_schema/schema																																	true	organism_type																						https://datamodel.terra.bio/TerraCore#hasOrganismType															
paired_end_identifier							hasPairedEndIdentifier																												https://github.com/broadinstitute/anvil_tdr_ingest/tree/main/anvil_schema/schema																																	true	paired_end_identifier																						https://datamodel.terra.bio/TerraCore#hasPairedEndIdentifier															
part_number							hasPartNumber								The part number is for reordering. Added for Antibodies but domain can expand.										The part number or catalogue number (e.g. Stock Keeping Unit) of an entity.										https://github.com/broadinstitute/anvil_tdr_ingest/tree/main/anvil_schema/schema																																	true	part_number																						https://datamodel.terra.bio/TerraCore#hasPartNumber															
percent_aligned_reads							hasPercentAlignedReads																												https://github.com/broadinstitute/anvil_tdr_ingest/tree/main/anvil_schema/schema																																	true	percent_aligned_reads																						https://datamodel.terra.bio/TerraCore#hasPercentAlignedReads															
percent_dup_frag							hasPercentDuplicateFragments								For alignment file types.																				https://github.com/broadinstitute/anvil_tdr_ingest/tree/main/anvil_schema/schema																																	true	percent_dup_frag																						https://datamodel.terra.bio/TerraCore#hasPercentDuplicateFragments															
phenotype							hasPhenotype																		A reference to the phenotype, preferably from the Human Phenotype Ontology. Phenopackets handled separately.										https://github.com/broadinstitute/anvil_tdr_ingest/tree/main/anvil_schema/schema																																	true	phenotype																						https://datamodel.terra.bio/TerraCore#hasPhenotype															
platform							hasPlatform																		A reference to the instrument or platform type used to conduct this activity.										https://github.com/broadinstitute/anvil_tdr_ingest/tree/main/anvil_schema/schema																																	true	platform																						https://datamodel.terra.bio/TerraCore#hasPlatform															
platform_identifier							hasPlatformIdentifier																		A reference to the instrument or platform type used to conduct this activity.										https://github.com/broadinstitute/anvil_tdr_ingest/tree/main/anvil_schema/schema																																	true	platform_identifier																						https://datamodel.terra.bio/TerraCore#hasPlatformIdentifier															
preservation_state							hasPreservationState																		Method used to preserve the BioSample, if relevant, or Fresh for BioSamples that were not preserved.										https://github.com/broadinstitute/anvil_tdr_ingest/tree/main/anvil_schema/schema																																	true	preservation_state																						https://datamodel.terra.bio/TerraCore#hasPreservationState															
protocol							hasProtocol																												https://github.com/broadinstitute/anvil_tdr_ingest/tree/main/anvil_schema/schema																																	true	protocol																						https://datamodel.terra.bio/TerraCore#hasProtocol															
race							hasRace								Considering using HANCESTRO ancestry category subclasses as options here.  In the meantime, capturing a text string.  Also consider whether we need to track reported and genetic as determined by genetic analysis.										A property that relects a HumanDonor's reported race.										https://github.com/broadinstitute/anvil_tdr_ingest/tree/main/anvil_schema/schema																																	true	race																						https://datamodel.terra.bio/TerraCore#hasRace															
read_count							hasReadCount								Domain will change from File to SequencingOutputFile or SequenceActivity in future.																				https://github.com/broadinstitute/anvil_tdr_ingest/tree/main/anvil_schema/schema																																	true	read_count					integer																	https://datamodel.terra.bio/TerraCore#hasReadCount															
read_length							hasReadLength								Domain will change from File to SequencingOutputFile or SequenceActivity in future.																				https://github.com/broadinstitute/anvil_tdr_ingest/tree/main/anvil_schema/schema																																	true	read_length					integer																	https://datamodel.terra.bio/TerraCore#hasReadLength															
ref_allele							hasReferenceAllele								See also https://vrs.ga4gh.org/en/stable/terms_and_model.html#allele for a more comprehensive model.										The state of a molecule at a identified location.										https://github.com/broadinstitute/anvil_tdr_ingest/tree/main/anvil_schema/schema																																	true	ref_allele																						https://datamodel.terra.bio/TerraCore#hasReferenceAllele															
reported_ethnicity							hasReportedEthnicity								Recommend using HANCESTRO ancestry categories.  http://purl.obolibrary.org/obo/HANCESTRO_0004.										A property that relects a HumanDonor's reported ethnic origins.										https://github.com/broadinstitute/anvil_tdr_ingest/tree/main/anvil_schema/schema																																	true	reported_ethnicity																						https://datamodel.terra.bio/TerraCore#hasReportedEthnicity															
sample_treatment_method							hasSampleTreatmentMethod																		The method of a SampleTreatmentActivity.										https://github.com/broadinstitute/anvil_tdr_ingest/tree/main/anvil_schema/schema																																	true	sample_treatment_method																						https://datamodel.terra.bio/TerraCore#hasSampleTreatmentMethod															
sample_treatment_type							hasSampleTreatmentType																		The type of a BioSample treatment type, see valuesets for examples.										https://github.com/broadinstitute/anvil_tdr_ingest/tree/main/anvil_schema/schema																																	true	sample_treatment_type																						https://datamodel.terra.bio/TerraCore#hasSampleTreatmentType															
sample_type							hasSampleType																												https://github.com/broadinstitute/anvil_tdr_ingest/tree/main/anvil_schema/schema																																	true	sample_type																						https://datamodel.terra.bio/TerraCore#hasSampleType															
sequence_expression							hasSequenceExpression								See https://vrs.ga4gh.org/en/stable/terms_and_model.html#sequence-expression and https://vrsatile.readthedocs.io/en/latest/value_object_descriptor/index.html#expression.										An expression describing a Sequence, for example HGVS or ISCN.										https://github.com/broadinstitute/anvil_tdr_ingest/tree/main/anvil_schema/schema																																	true	sequence_expression																						https://datamodel.terra.bio/TerraCore#hasSequenceExpression															
source_manufact							hasSource								The source is a string but will ultimately be a Vendor class. Added for Antibodies but domain can expand.										The source of production for an entity.										https://github.com/broadinstitute/anvil_tdr_ingest/tree/main/anvil_schema/schema																																	true	source_manufact																						https://datamodel.terra.bio/TerraCore#hasSource															
start_position							hasStartPosition																		A reference to the start position on the chromosome identified.										https://github.com/broadinstitute/anvil_tdr_ingest/tree/main/anvil_schema/schema																																	true	start_position					integer																	https://datamodel.terra.bio/TerraCore#hasStartPosition															
stop_position							hasStopPosition																												https://github.com/broadinstitute/anvil_tdr_ingest/tree/main/anvil_schema/schema																																	true	stop_position					integer																	https://datamodel.terra.bio/TerraCore#hasStopPosition															
strain							hasStrain																		Text string to represent the strain.										https://github.com/broadinstitute/anvil_tdr_ingest/tree/main/anvil_schema/schema																																	true	strain																						https://datamodel.terra.bio/TerraCore#hasStrain															
structural_variation_type							hasStructuralVariationType																		A sequence variant that changes one or more structural features (Sequence Ontology).										https://github.com/broadinstitute/anvil_tdr_ingest/tree/main/anvil_schema/schema																																	true	structural_variation_type																						https://datamodel.terra.bio/TerraCore#hasStructuralVariationType															
target							hasTarget								Need definition|Target is a string for now but will ultimately be a class, and this will change to an ObjectProperty.																				https://github.com/broadinstitute/anvil_tdr_ingest/tree/main/anvil_schema/schema																																	true	target																						https://datamodel.terra.bio/TerraCore#hasTarget															
temperature_unit							hasTemperatureUnit								Need definition																				https://github.com/broadinstitute/anvil_tdr_ingest/tree/main/anvil_schema/schema															unit																		true	temperature_unit																						https://datamodel.terra.bio/TerraCore#hasTemperatureUnit															
term_name							hasTermName																												https://github.com/broadinstitute/anvil_tdr_ingest/tree/main/anvil_schema/schema																																	true	term_name																						https://datamodel.terra.bio/TerraCore#hasTermName															
treatment_outcome							hasTreatmentOutcome								Should the model define a preferred vocabulary? e.g. positive, negative, no effect?  The specific outcome may need to be more specific, reduced tumor size by  .. but the categories listed are useful.										A reference to the outcome of this Treatment.										https://github.com/broadinstitute/anvil_tdr_ingest/tree/main/anvil_schema/schema																																	true	treatment_outcome																						https://datamodel.terra.bio/TerraCore#hasTreatmentOutcome															
tumor_morphology							hasTumorMorphology								Need definition																				https://github.com/broadinstitute/anvil_tdr_ingest/tree/main/anvil_schema/schema																																	true	tumor_morphology																						https://datamodel.terra.bio/TerraCore#hasTumorMorphology															
uri							hasURI								Need definition																				https://datamodel.terra.bio/BioCoreFields																																	true	uri																						https://datamodel.terra.bio/TerraCore#hasURI															
unit							hasUnit								Need definition																				https://github.com/broadinstitute/anvil_tdr_ingest/tree/main/anvil_schema/schema																																	true	unit																						https://datamodel.terra.bio/TerraCore#hasUnit															
upper_bound							hasUpperBound								Need definition																				https://github.com/broadinstitute/anvil_tdr_ingest/tree/main/anvil_schema/schema																																	true	upper_bound																						https://datamodel.terra.bio/TerraCore#hasUpperBound															
weight_unit							hasWeightUnit																		A reference to the measurement unit for mass.										https://github.com/broadinstitute/anvil_tdr_ingest/tree/main/anvil_schema/schema															unit																		true	weight_unit																						https://datamodel.terra.bio/TerraCore#hasWeightUnit															
cause_of_death							isCauseOfDeath								Need definition																				https://github.com/broadinstitute/anvil_tdr_ingest/tree/main/anvil_schema/schema																																	true	cause_of_death																						https://datamodel.terra.bio/TerraCore#isCauseOfDeath															
contributor_to_death							isContributorToDeath								Need definition																				https://github.com/broadinstitute/anvil_tdr_ingest/tree/main/anvil_schema/schema																																	true	contributor_to_death																						https://datamodel.terra.bio/TerraCore#isContributorToDeath															
whole_cell							isWholeCell								Need definition																				https://github.com/broadinstitute/anvil_tdr_ingest/tree/main/anvil_schema/schema																																	true	whole_cell																						https://datamodel.terra.bio/TerraCore#isWholeCell															
software							usesSoftware																		A reference to a software tool or command line.										https://github.com/broadinstitute/anvil_tdr_ingest/tree/main/anvil_schema/schema																																	true	software																						https://datamodel.terra.bio/TerraCore#usesSoftware															
domainIncludes																																			https://github.com/broadinstitute/anvil_tdr_ingest/tree/main/anvil_schema/schema																																	true	domainIncludes																						http://purl.org/dc/dcam/domainIncludes															
rangeIncludes																																			https://github.com/broadinstitute/anvil_tdr_ingest/tree/main/anvil_schema/schema																																	true	rangeIncludes																						http://schema.org/rangeIncludes															
abstract																																			https://github.com/broadinstitute/anvil_tdr_ingest/tree/main/anvil_schema/schema																																	true	abstract																						http://purl.org/dc/terms/abstract															
accessRights																																			https://github.com/broadinstitute/anvil_tdr_ingest/tree/main/anvil_schema/schema																																	true	accessRights																						http://purl.org/dc/terms/accessRights															
accrualMethod																																			https://github.com/broadinstitute/anvil_tdr_ingest/tree/main/anvil_schema/schema																																	true	accrualMethod																						http://purl.org/dc/terms/accrualMethod															
accrualPeriodicity																																			https://github.com/broadinstitute/anvil_tdr_ingest/tree/main/anvil_schema/schema																																	true	accrualPeriodicity																						http://purl.org/dc/terms/accrualPeriodicity															
accrualPolicy																																			https://github.com/broadinstitute/anvil_tdr_ingest/tree/main/anvil_schema/schema																																	true	accrualPolicy																						http://purl.org/dc/terms/accrualPolicy															
audience																																			https://github.com/broadinstitute/anvil_tdr_ingest/tree/main/anvil_schema/schema																																	true	audience																						http://purl.org/dc/terms/audience															
conformsTo																																			https://github.com/broadinstitute/anvil_tdr_ingest/tree/main/anvil_schema/schema																																	true	conformsTo																						http://purl.org/dc/terms/conformsTo															
contributor																																			https://github.com/broadinstitute/anvil_tdr_ingest/tree/main/anvil_schema/schema																																	true	contributor																						http://purl.org/dc/terms/contributor															
coverage																																			https://github.com/broadinstitute/anvil_tdr_ingest/tree/main/anvil_schema/schema																																	true	coverage																						http://purl.org/dc/terms/coverage															
creator																																			https://github.com/broadinstitute/anvil_tdr_ingest/tree/main/anvil_schema/schema																																	true	creator																						http://purl.org/dc/terms/creator															
description																																			https://github.com/broadinstitute/anvil_tdr_ingest/tree/main/anvil_schema/schema																																	true	description																						http://purl.org/dc/terms/description															
educationLevel																																			https://github.com/broadinstitute/anvil_tdr_ingest/tree/main/anvil_schema/schema																																	true	educationLevel																						http://purl.org/dc/terms/educationLevel															
extent																																			https://github.com/broadinstitute/anvil_tdr_ingest/tree/main/anvil_schema/schema																																	true	extent																						http://purl.org/dc/terms/extent															
hasFormat																																			https://github.com/broadinstitute/anvil_tdr_ingest/tree/main/anvil_schema/schema																																	true	hasFormat																						http://purl.org/dc/terms/hasFormat															
hasVersion															Need definition																				https://github.com/broadinstitute/anvil_tdr_ingest/tree/main/anvil_schema/schema																																	true	hasVersion																						https://datamodel.terra.bio/TerraCore#hasVersion															
isFormatOf																																			https://github.com/broadinstitute/anvil_tdr_ingest/tree/main/anvil_schema/schema																																	true	isFormatOf																						http://purl.org/dc/terms/isFormatOf															
isPartOf																																			https://github.com/broadinstitute/anvil_tdr_ingest/tree/main/anvil_schema/schema																																	true	isPartOf																						http://purl.org/dc/terms/isPartOf															
isReferencedBy																																			https://github.com/broadinstitute/anvil_tdr_ingest/tree/main/anvil_schema/schema																																	true	isReferencedBy																						http://purl.org/dc/terms/isReferencedBy															
isReplacedBy																																			https://github.com/broadinstitute/anvil_tdr_ingest/tree/main/anvil_schema/schema																																	true	isReplacedBy																						http://purl.org/dc/terms/isReplacedBy															
isRequiredBy																																			https://github.com/broadinstitute/anvil_tdr_ingest/tree/main/anvil_schema/schema																																	true	isRequiredBy																						http://purl.org/dc/terms/isRequiredBy															
isVersionOf																																			https://github.com/broadinstitute/anvil_tdr_ingest/tree/main/anvil_schema/schema																																	true	isVersionOf																						http://purl.org/dc/terms/isVersionOf															
language																																			https://github.com/broadinstitute/anvil_tdr_ingest/tree/main/anvil_schema/schema																																	true	language																						http://purl.org/dc/terms/language															
mediator																																			https://github.com/broadinstitute/anvil_tdr_ingest/tree/main/anvil_schema/schema																																	true	mediator																						http://purl.org/dc/terms/mediator															
medium																																			https://github.com/broadinstitute/anvil_tdr_ingest/tree/main/anvil_schema/schema																																	true	medium																						http://purl.org/dc/terms/medium															
publisher																																			https://github.com/broadinstitute/anvil_tdr_ingest/tree/main/anvil_schema/schema																																	true	publisher																						http://purl.org/dc/terms/publisher															
references																																			https://github.com/broadinstitute/anvil_tdr_ingest/tree/main/anvil_schema/schema																																	true	references																						http://purl.org/dc/terms/references															
relation																																			https://github.com/broadinstitute/anvil_tdr_ingest/tree/main/anvil_schema/schema																																	true	relation																						http://purl.org/dc/terms/relation															
replaces																																			https://github.com/broadinstitute/anvil_tdr_ingest/tree/main/anvil_schema/schema																																	true	replaces																						http://purl.org/dc/terms/replaces															
requires																																			https://github.com/broadinstitute/anvil_tdr_ingest/tree/main/anvil_schema/schema																																	true	requires																						http://purl.org/dc/terms/requires															
rights																																			https://github.com/broadinstitute/anvil_tdr_ingest/tree/main/anvil_schema/schema																																	true	rights																						http://purl.org/dc/terms/rights															
source																																			https://github.com/broadinstitute/anvil_tdr_ingest/tree/main/anvil_schema/schema																																	true	source																						http://purl.org/dc/terms/source															
spatial																																			https://github.com/broadinstitute/anvil_tdr_ingest/tree/main/anvil_schema/schema																																	true	spatial																						http://purl.org/dc/terms/spatial															
tableOfContents																																			https://github.com/broadinstitute/anvil_tdr_ingest/tree/main/anvil_schema/schema																																	true	tableOfContents																						http://purl.org/dc/terms/tableOfContents															
temporal																																			https://github.com/broadinstitute/anvil_tdr_ingest/tree/main/anvil_schema/schema																																	true	temporal																						http://purl.org/dc/terms/temporal															
type																																			https://github.com/broadinstitute/anvil_tdr_ingest/tree/main/anvil_schema/schema																																	true	type																						http://purl.org/dc/terms/type															
affiliation																																			https://github.com/broadinstitute/anvil_tdr_ingest/tree/main/anvil_schema/schema																																	true	affiliation																						http://schema.org/affiliation															
definition																																			https://github.com/broadinstitute/anvil_tdr_ingest/tree/main/anvil_schema/schema																																	true	definition																						https://www.w3.org/TR/rdf12-schema/#ch_isdefinedby															
maker																																			https://github.com/broadinstitute/anvil_tdr_ingest/tree/main/anvil_schema/schema																																	true	maker																						http://xmlns.com/foaf/0.1/maker															
name																																			https://github.com/broadinstitute/anvil_tdr_ingest/tree/main/anvil_schema/schema																																	true	name																						http://xmlns.com/foaf/0.1/name															
workInfoHomepage																																			https://github.com/broadinstitute/anvil_tdr_ingest/tree/main/anvil_schema/schema																																	true	workInfoHomepage																						http://xmlns.com/foaf/0.1/workInfoHomepage															
hasAlpha2Code																																			https://github.com/broadinstitute/anvil_tdr_ingest/tree/main/anvil_schema/schema																																	true	hasAlpha2Code																						https://datamodel.terra.bio/TerraCore#hasAlpha2Code															
life_stage							hasLifeStage								Varies per species; temporary solution																				https://github.com/broadinstitute/anvil_tdr_ingest/tree/main/anvil_schema/schema																																	true	life_stage																						https://datamodel.terra.bio/TerraCore#hasLifeStage															
mailing_address							hasMailingAddress																		Text form of the address, including country and postal code.										https://github.com/broadinstitute/anvil_tdr_ingest/tree/main/anvil_schema/schema																																	true	mailing_address																						https://datamodel.terra.bio/TerraCore#hasMailingAddress															
missing_value_reason							hasMissingValueReason								The reason choices are taken from the International Nucleotide Sequencing Data Collaborative (INSDC); see https://www.insdc.org/missing-value-reporting#.																				https://github.com/broadinstitute/anvil_tdr_ingest/tree/main/anvil_schema/schema																																	true	missing_value_reason																						https://datamodel.terra.bio/TerraCore#hasMissingValueReason															
paired_normal							hasPairedNormal																												https://github.com/broadinstitute/anvil_tdr_ingest/tree/main/anvil_schema/schema																																	true	paired_normal																						https://datamodel.terra.bio/TerraCore#hasPairedNormal															
paired_tumor							hasPairedTumor																												https://github.com/broadinstitute/anvil_tdr_ingest/tree/main/anvil_schema/schema																																	true	paired_tumor																						https://datamodel.terra.bio/TerraCore#hasPairedTumor															
phenotype_description							hasPhenotypeDescription																		Phenotype term or free text description for additional phenotype information.										https://github.com/broadinstitute/anvil_tdr_ingest/tree/main/anvil_schema/schema																																	true	phenotype_description																						https://datamodel.terra.bio/TerraCore#hasPhenotypeDescription															
post_code							hasPostalCode																												https://github.com/broadinstitute/anvil_tdr_ingest/tree/main/anvil_schema/schema																																	true	post_code																						https://datamodel.terra.bio/TerraCore#hasPostalCode															
stage							hasStage																												https://github.com/broadinstitute/anvil_tdr_ingest/tree/main/anvil_schema/schema																																	true	stage																						https://datamodel.terra.bio/TerraCore#hasStage															
temperature							hasTemperature								Need definition																				https://github.com/broadinstitute/anvil_tdr_ingest/tree/main/anvil_schema/schema																																	true	temperature																						https://datamodel.terra.bio/TerraCore#hasTemperature															
	AnvilActivity																																		https://github.com/broadinstitute/anvil_tdr_ingest/tree/main/anvil_schema/schema															Activity																			AnvilActivity																																					
	AnvilAntibody																																		https://github.com/broadinstitute/anvil_tdr_ingest/tree/main/anvil_schema/schema															Antibody																			AnvilAntibody																																					
	AnvilBioSample																																		https://github.com/broadinstitute/anvil_tdr_ingest/tree/main/anvil_schema/schema															BioSample																			AnvilBioSample																																					
	AnvilDataset																																		https://github.com/broadinstitute/anvil_tdr_ingest/tree/main/anvil_schema/schema																																		AnvilDataset																																					
	AnvilDiagnosis																																		https://github.com/broadinstitute/anvil_tdr_ingest/tree/main/anvil_schema/schema																																		AnvilDiagnosis																																					
	AnvilDonor																																		https://github.com/broadinstitute/anvil_tdr_ingest/tree/main/anvil_schema/schema																																		AnvilDonor																																					
	AnvilFile																																		https://github.com/broadinstitute/anvil_tdr_ingest/tree/main/anvil_schema/schema																																		AnvilFile																																					
	AnvilProject																																		https://github.com/broadinstitute/anvil_tdr_ingest/tree/main/anvil_schema/schema																																		AnvilProject																																					
	AnvilSequencingActivity																																		https://github.com/broadinstitute/anvil_tdr_ingest/tree/main/anvil_schema/schema																																		AnvilSequencingActivity																																					
	AnvilVariantCallingActivity																																		https://github.com/broadinstitute/anvil_tdr_ingest/tree/main/anvil_schema/schema																																		AnvilVariantCallingActivity																																					
	RelationalTable												http://purl.org/dc/terms/DCMIType																						https://github.com/broadinstitute/anvil_tdr_ingest/tree/main/anvil_schema/schema																																		RelationalTable																																					
	DNASequence												http://purl.obolibrary.org/obo/OBI_0001573																						https://github.com/broadinstitute/anvil_tdr_ingest/tree/main/anvil_schema/schema																																		DNASequence																OBI_0001573																					
	VocabularyEncodingScheme												http://purl.org/dc/dcam/VocabularyEncodingScheme																						https://github.com/broadinstitute/anvil_tdr_ingest/tree/main/anvil_schema/schema																																		VocabularyEncodingScheme																																					
	Service												http://purl.org/dc/dcmitype/Service																						https://github.com/broadinstitute/anvil_tdr_ingest/tree/main/anvil_schema/schema																																		Service																																					
	SingleCell												http://www.ebi.ac.uk/efo/EFO_0007831																						https://github.com/broadinstitute/anvil_tdr_ingest/tree/main/anvil_schema/schema																																		SingleCell																EFO_0007831																					
	Activity												https://datamodel.terra.bio/TerraCore#Activity																						https://github.com/broadinstitute/anvil_tdr_ingest/tree/main/anvil_schema/schema															RelationalTable																			Activity																																					
	AlignmentActivity												https://datamodel.terra.bio/TerraCore#AlignmentActivity																						https://github.com/broadinstitute/anvil_tdr_ingest/tree/main/anvil_schema/schema															Activity																			AlignmentActivity																																					
	AlignmentFile												https://datamodel.terra.bio/TerraCore#AlignmentFile																						https://github.com/broadinstitute/anvil_tdr_ingest/tree/main/anvil_schema/schema															File																			AlignmentFile																																					
	AnalysisActivity												https://datamodel.terra.bio/TerraCore#AnalysisActivity																						https://github.com/broadinstitute/anvil_tdr_ingest/tree/main/anvil_schema/schema															Activity																			AnalysisActivity																																					
	Antibody												https://datamodel.terra.bio/TerraCore#Antibody																						https://github.com/broadinstitute/anvil_tdr_ingest/tree/main/anvil_schema/schema															RelationalTable																			Antibody																BFO_0000040																					
	AssayActivity												https://datamodel.terra.bio/TerraCore#AssayActivity																						https://github.com/broadinstitute/anvil_tdr_ingest/tree/main/anvil_schema/schema															Activity																			AssayActivity																																					
	BioSample												https://datamodel.terra.bio/TerraCore#BioSample																						https://github.com/broadinstitute/anvil_tdr_ingest/tree/main/anvil_schema/schema															Sample																			BioSample																																					
	BioSampleDissociationActivity												https://datamodel.terra.bio/TerraCore#BioSampleDissociationActivity																						https://github.com/broadinstitute/anvil_tdr_ingest/tree/main/anvil_schema/schema															Activity																			BioSampleDissociationActivity																																					
	Diagnosis												https://datamodel.terra.bio/TerraCore#Diagnosis																						https://github.com/broadinstitute/anvil_tdr_ingest/tree/main/anvil_schema/schema															RelationalTable																			Diagnosis																IAO_0000030																					
	DogDonor												https://datamodel.terra.bio/TerraCore#DogDonor																						https://github.com/broadinstitute/anvil_tdr_ingest/tree/main/anvil_schema/schema															Donor																			DogDonor																																					
	Donor												https://datamodel.terra.bio/TerraCore#Donor																						https://github.com/broadinstitute/anvil_tdr_ingest/tree/main/anvil_schema/schema															RelationalTable																			Donor																OBI_0100026																					
	DonorTreatmentActivity												https://datamodel.terra.bio/TerraCore#DonorTreatmentActivity																						https://github.com/broadinstitute/anvil_tdr_ingest/tree/main/anvil_schema/schema															Activity																			DonorTreatmentActivity																																					
	ExperimentActivity												https://datamodel.terra.bio/TerraCore#ExperimentActivity																						https://github.com/broadinstitute/anvil_tdr_ingest/tree/main/anvil_schema/schema															Activity																			ExperimentActivity																																					
	FamilyMember												https://datamodel.terra.bio/TerraCore#FamilyMember																						https://github.com/broadinstitute/anvil_tdr_ingest/tree/main/anvil_schema/schema															RelationalTable																			FamilyMember																OBI_0100026																					
	File												https://datamodel.terra.bio/TerraCore#File		Used definition from http://semanticscience.org/resource/SIO_000396 but equivalence to http://www.w3.org/ns/dcat#Distribution doesn't make sense in this context; thus we have our own class.  Also added electronic. 																				https://github.com/broadinstitute/anvil_tdr_ingest/tree/main/anvil_schema/schema															RelationalTable																			File																IAO_0000030																					
	HistopathologyActivity												https://datamodel.terra.bio/TerraCore#HistopathologyActivity																						https://github.com/broadinstitute/anvil_tdr_ingest/tree/main/anvil_schema/schema															Activity																			HistopathologyActivity																																					
	HumanDonor												https://datamodel.terra.bio/TerraCore#HumanDonor																						https://github.com/broadinstitute/anvil_tdr_ingest/tree/main/anvil_schema/schema															Donor																			HumanDonor																																					
	Library												https://datamodel.terra.bio/TerraCore#Library																						https://github.com/broadinstitute/anvil_tdr_ingest/tree/main/anvil_schema/schema															RelationalTable																			Library																BFO_0000040																					
	LibraryPreparationActivity												https://datamodel.terra.bio/TerraCore#LibraryPreparationActivity																						https://github.com/broadinstitute/anvil_tdr_ingest/tree/main/anvil_schema/schema															Activity																			LibraryPreparationActivity																																					
	Measurement												https://datamodel.terra.bio/TerraCore#Measurement																						https://github.com/broadinstitute/anvil_tdr_ingest/tree/main/anvil_schema/schema																																		Measurement																IAO_0000030																					
	MolecularSample												https://datamodel.terra.bio/TerraCore#MolecularSample																						https://github.com/broadinstitute/anvil_tdr_ingest/tree/main/anvil_schema/schema															Sample																			MolecularSample																																					
	MouseDonor												https://datamodel.terra.bio/TerraCore#MouseDonor																						https://github.com/broadinstitute/anvil_tdr_ingest/tree/main/anvil_schema/schema															Donor																			MouseDonor																																					
	NucleusIsolationActivity												https://datamodel.terra.bio/TerraCore#NucleusIsolationActivity																						https://github.com/broadinstitute/anvil_tdr_ingest/tree/main/anvil_schema/schema															Activity																			NucleusIsolationActivity																																					
	Project												https://datamodel.terra.bio/TerraCore#Project																						https://github.com/broadinstitute/anvil_tdr_ingest/tree/main/anvil_schema/schema															Activity																			Project																																					
	ReferenceAssembly												https://datamodel.terra.bio/TerraCore#ReferenceAssembly		Instances should include either a cross reference to the reference sequence or an official GRCName from the Genome Reference Consortium, or both.																				https://github.com/broadinstitute/anvil_tdr_ingest/tree/main/anvil_schema/schema																																		ReferenceAssembly																OBI_0001573																					
	Sample												https://datamodel.terra.bio/TerraCore#Sample																						https://github.com/broadinstitute/anvil_tdr_ingest/tree/main/anvil_schema/schema															RelationalTable																			Sample																OBI_0100051																					
	SampleTreatmentActivity												https://datamodel.terra.bio/TerraCore#SampleTreatmentActivity																						https://github.com/broadinstitute/anvil_tdr_ingest/tree/main/anvil_schema/schema															Activity																			SampleTreatmentActivity																																					
	SequenceFile												https://datamodel.terra.bio/TerraCore#SequenceFile																						https://github.com/broadinstitute/anvil_tdr_ingest/tree/main/anvil_schema/schema															File																			SequenceFile																																					
	SequenceLocation												https://datamodel.terra.bio/TerraCore#SequenceLocation																						https://github.com/broadinstitute/anvil_tdr_ingest/tree/main/anvil_schema/schema															RelationalTable																			SequenceLocation																OBI_0000973																					
	SequencingActivity												https://datamodel.terra.bio/TerraCore#SequencingActivity																						https://github.com/broadinstitute/anvil_tdr_ingest/tree/main/anvil_schema/schema															Activity																			SequencingActivity																																					
	SingleCellAssignment												https://datamodel.terra.bio/TerraCore#SingleCellAssignment																						https://github.com/broadinstitute/anvil_tdr_ingest/tree/main/anvil_schema/schema															Activity																			SingleCellAssignment																																					
	SingleCellIsolationActivity												https://datamodel.terra.bio/TerraCore#SingleCellIsolationActivity																						https://github.com/broadinstitute/anvil_tdr_ingest/tree/main/anvil_schema/schema															Activity																			SingleCellIsolationActivity																																					
	VariantCall												https://datamodel.terra.bio/TerraCore#VariantCall																						https://github.com/broadinstitute/anvil_tdr_ingest/tree/main/anvil_schema/schema															RelationalTable																			VariantCall																OBI_0000973																					
	VariantCallSetFile												https://datamodel.terra.bio/TerraCore#VariantCallSetFile																						https://github.com/broadinstitute/anvil_tdr_ingest/tree/main/anvil_schema/schema															File																			VariantCallSetFile																																					
	VariantCallingActivity												https://datamodel.terra.bio/TerraCore#VariantCallingActivity																						https://github.com/broadinstitute/anvil_tdr_ingest/tree/main/anvil_schema/schema															Activity																			VariantCallingActivity																																					
